,Rewards,Steps,WaitTime
0,-0.5831842716611626,150,12.42
1,-3.3762475970328425,160,14.1
2,-2.7972773879148525,156,14.22
3,-0.8276521812045113,158,13.46
4,-5.195749133428891,173,15.24
