,Rewards,Steps,WaitTime
0,0.2553538900598153,149,12.35
1,-3.318179864065927,169,13.06
2,-6.571642495707614,173,15.79
3,-1.7159492172094517,150,12.34
4,-4.524526624852012,163,13.9
