,Rewards,Steps,WaitTime
0,-0.4907865779560495,157,11.51
1,2.4581877471050557,130,10.36
2,-397.32094040445054,160,10.3
3,-299.68974598240453,156,10.82
4,2.5552742559194632,153,9.89
